dist_id,district,adm,charter_status,ed_adm,ed_pct,high_pov_1,high_pov_2,el_adm,swd_total,swd_aut,swd_dd,swd_ed,swd_hi,swd_id,swd_md,swd_ohi,swd_oi,swd_sld,swd_sli,swd_tbi,swd_vi,swd_db,aig_enroll,sq_mi,current_pp,sparsity_23,el_pct,current_total
010,Alamance-Burlington Schools,22080,Traditional,14283.961,0.629,0,1,2303,3170,531,178,57,41,190,75,442,9,993,634,13,7,0,2399,434.2001279494223,10011.95,0,0.10430253623188405,221063856.00000003
020,Alexander County Schools,4241,Traditional,2165.2920000000004,0.49200000000000005,0,1,105,802,71,66,10,8,45,20,132,2,235,211,2,0,0,414,263.69992953547614,11461.09,1,0.024758311718934212,48606482.69
030,Alleghany County Schools,1313,Traditional,969.5000000000001,0.7000000000000001,0,1,75,223,19,21,2,0,9,1,13,0,89,66,2,1,0,103,235.80349708576188,13534.880000000001,1,0.05712109672505712,17771297.44
040,Anson County Schools,2882,Traditional,2217.039,0.7590000000000001,0,1,83,468,62,45,8,0,53,4,54,1,163,77,1,0,0,287,537.1341566570801,12679.380000000001,1,0.02879944482997918,36541973.160000004
050,Ashe County Schools,2610,Traditional,1493.2079999999999,0.5579999999999999,0,1,129,449,35,43,9,1,30,5,53,0,133,139,1,0,0,430,428.1702008144923,12193.7,1,0.04942528735632184,31825557.000000004
060,Avery County Schools,1761,Traditional,989.7500000000001,0.535,0,1,151,351,30,32,9,2,17,8,49,1,122,80,1,0,0,148,247.4916387959866,13170.13,1,0.085746734809767175,23192598.93
070,Beaufort County Schools,5575,Traditional,3743.496,0.654,0,1,416,875,112,81,25,4,103,19,90,1,296,137,3,4,0,877,837.985282923116,11761.869999999999,1,0.07461883408071748,65572425.24999999
080,Bertie County Schools,1662,Traditional,1462.7250000000001,0.8250000000000001,1,0,15,293,29,30,2,1,53,1,19,2,89,64,2,1,0,46,707.7859660365267,14123.6,1,0.009025270758122744,23473423.2
090,Bladen County Schools,3794,Traditional,2901.08,0.728,0,1,334,642,50,58,8,1,95,13,102,0,216,95,3,1,0,565,887.5968992248062,12042.41,1,0.08803373748023194,45688903.54
100,Brunswick County Schools,13060,Traditional,7405.6320000000005,0.559,0,1,720,2102,289,214,71,16,118,45,454,1,650,229,7,8,0,1650,860.172981878089,11140.72,1,0.055130168453292494,145497803.2
110,Buncombe County Schools,21884,Traditional,10454.787,0.47100000000000003,0,1,1875,3060,333,332,54,13,216,66,519,9,1017,479,13,9,0,2758,637.6956018206793,11506.460000000001,0,0.08567903491135076,251807370.64000002
111,Asheville City Schools,3859,Traditional,1767.1200000000001,0.444,0,1,105,564,65,43,20,15,32,11,75,2,211,87,1,2,0,1100,22.29999145208896,16185.16,0,0.027209121534076185,62458532.44
120,Burke County Schools,11183,Traditional,6370.816000000001,0.541,0,1,1159,1911,217,210,44,16,135,26,270,10,568,407,4,4,0,1961,514.1896153037628,10462.230000000001,1,0.10363945274076723,116999118.09000002
130,Cabarrus County Schools,34919,Traditional,15537.088,0.439,0,1,2526,4232,717,402,140,19,258,58,583,14,1239,748,44,10,0,5032,350.80149272719564,9927.55,0,0.07233884131847991,346660118.45
132,Kannapolis City Schools,5314,Traditional,3703.7139999999995,0.6859999999999999,0,1,677,765,136,71,19,13,71,17,95,1,228,110,2,1,1,620,18.60002839698992,9317.23,0,0.12739932254422281,49511760.22
140,Caldwell County Schools,10303,Traditional,5851.791,0.549,0,1,454,1690,185,186,28,10,116,23,265,8,443,418,4,4,0,1459,474.5977293147104,10286.53,1,0.04406483548481025,105982118.59
150,Camden County Schools,1902,Traditional,512.19,0.27,0,0,9,258,41,20,3,1,5,9,40,0,63,76,0,0,0,205,240.49828397101817,12719.04,1,0.00473186119873817,24191614.080000002
160,Carteret County Public Schools,7814,Traditional,3639.411,0.459,0,1,215,1070,160,70,27,10,64,20,219,1,357,134,5,3,0,1134,513.6133191462727,11466.369999999999,1,0.027514717174302535,89598215.17999999
170,Caswell County Schools,2050,Traditional,1425.085,0.677,0,1,19,368,55,27,4,3,31,2,40,3,134,67,0,2,0,225,428.66824805150793,11941.470000000001,1,0.009268292682926829,24480013.500000004
180,Catawba County Schools,15602,Traditional,9313.884000000002,0.5860000000000001,0,1,1288,2119,240,158,42,12,163,15,299,3,605,565,9,8,0,1314,368,9861.93,0,0.08255351877964363,153865831.86
181,Hickory City Schools,3651,Traditional,2320.92,0.614,0,1,491,547,72,65,11,3,28,8,100,0,187,68,2,3,0,338,27.199947930226507,9834.77,0,0.13448370309504246,35906745.27
182,Newton Conover City Schools,2566,Traditional,1768.7559999999999,0.6709999999999999,0,1,408,398,54,35,5,0,40,16,43,0,119,86,0,0,0,308,20.800055081244835,11343.470000000001,0,0.15900233826968044,29107344.020000003
190,Chatham County Schools,8839,Traditional,4621.298,0.506,0,1,1125,1315,156,131,34,16,101,19,165,4,487,189,10,2,1,1676,708.9971883786317,13029.2,1,0.12727684127163708,115165098.80000001
200,Cherokee County Schools,2955,Traditional,1926.875,0.625,0,1,39,548,58,46,7,1,20,0,76,0,286,50,1,3,0,217,466.71418389166075,12926.01,1,0.013197969543147208,38196359.55
210,Edenton-Chowan Schools,1719,Traditional,1133.808,0.624,0,1,71,259,22,28,12,1,15,5,28,0,94,53,0,1,0,156,173.09509492311656,13113.75,1,0.04130308318789994,22542536.25
220,Clay County Schools,1233,Traditional,847.57,0.647,0,1,53,194,19,18,11,0,12,3,17,0,77,35,1,1,0,103,220.81809112071832,13643.58,1,0.042984590429845905,16822534.14
230,Cleveland County Schools,13835,Traditional,9422.83,0.655,0,1,282,2402,315,204,107,18,188,60,371,8,745,350,26,10,0,1737,468.0945300389129,10660.28,1,0.020383086375135525,147484973.8
240,Columbus County Schools,5105,Traditional,3374.39,0.635,0,1,201,648,46,53,5,1,117,7,85,4,174,153,3,0,0,446,862.4719101123595,10275.08,1,0.03937316356513222,52454283.4
241,Whiteville City Schools,1980,Traditional,1382.4,0.675,0,1,100,292,41,26,1,3,45,3,45,4,105,16,2,1,0,143,92.49817916970139,11328.19,1,0.050505050505050504,22429816.2
250,Craven County Schools,12180,Traditional,7072.968999999999,0.563,0,1,592,1858,335,200,70,7,152,33,334,2,438,273,10,4,0,1262,718.4979574735519,10359.49,1,0.04860426929392447,126178588.2
260,Cumberland County Schools,47871,Traditional,29931.131999999998,0.609,0,1,1527,7012,1261,444,208,37,575,68,1452,25,2373,540,19,10,0,4692,590.0998596629591,9561.85,0,0.03189822648367488,457735321.35
270,Currituck County Schools,4489,Traditional,1554.14,0.34,0,0,54,558,67,58,3,2,25,4,77,3,227,85,2,5,0,500,262.4968120377455,11630.69,1,0.01202940521274226,52210167.410000004
280,Dare County Schools,4920,Traditional,2140.352,0.424,0,1,428,802,99,85,27,10,38,16,111,1,216,196,3,0,0,525,386.81109565981114,14040.400000000001,1,0.08699186991869919,69078768
290,Davidson County Schools,17609,Traditional,9722.912,0.544,0,1,512,2667,288,188,25,12,205,45,426,6,889,569,10,4,0,2027,541.8975267036042,9470.119999999999,0,0.029076040661025614,166759343.07999998
291,Lexington City Schools,2851,Traditional,2333.9150000000004,0.7690000000000001,0,1,405,449,47,64,17,7,53,23,50,1,110,75,0,2,0,285,18.699981190804124,10919.029999999999,0,0.14205541915117503,31130154.529999997
292,Thomasville City Schools,2105,Traditional,1564.7630000000001,0.7090000000000001,0,1,295,254,37,19,5,6,31,5,30,0,82,37,0,2,0,156,7.100001202371076,11972.42,0,0.14014251781472684,25201944.1
300,Davie County Schools,5975,Traditional,3203.55,0.525,0,1,258,1054,107,65,22,1,50,18,191,2,349,241,3,5,0,870,266.5968312164462,10398.32,1,0.04317991631799163,62129962
310,Duplin County Schools,9495,Traditional,6455.558,0.653,0,1,1856,848,101,114,19,12,80,15,124,1,256,118,2,6,0,678,820.1997780244174,10029.82,1,0.19547130068457083,95233140.89999999
320,Durham Public Schools,30783,Traditional,17813.280000000002,0.555,0,1,5245,4867,1017,441,117,70,303,81,625,6,1568,578,37,23,1,4712,297.90103454830154,13424.46,0,0.1703862521521619,413245152.17999995
330,Edgecombe County Public Schools,5105,Traditional,3947.44,0.742,0,1,260,873,113,77,37,3,106,17,111,2,327,72,6,2,0,303,502.6818638954073,11970.189999999999,1,0.050930460333006855,61107819.949999996
340,Winston Salem / Forsyth County Schools,50842,Traditional,30735.114000000005,0.5860000000000001,0,1,7131,7938,1023,613,86,58,585,78,1077,24,2755,1579,47,11,2,5728,412.30112972634845,11075.66,0,0.14025805436450178,563108705.72
350,Franklin County Schools,7826,Traditional,4534.226000000001,0.5660000000000001,0,1,524,1107,147,92,22,3,119,15,180,1,382,137,7,2,0,819,494.4896115627823,11110.79,1,0.06695629951443904,86953042.54
360,Gaston County Schools,29714,Traditional,17758.844999999998,0.585,0,1,1907,4416,573,246,81,29,340,106,826,15,1685,481,22,12,0,2903,363.7004181393952,9732.25,0,0.06417850171636266,289184076.5
370,Gates County Schools,1380,Traditional,828.3599999999999,0.585,0,1,9,286,31,10,13,1,8,2,52,0,123,46,0,0,0,222,342.72395622213213,14673.859999999999,1,0.006521739130434782,20249926.799999997
380,Graham County Schools,1053,Traditional,704.085,0.643,0,1,21,178,13,24,0,0,27,0,29,0,42,43,0,0,0,65,301.5995872033024,15562.56,1,0.019943019943019943,16387375.68
390,Granville County Schools,6394,Traditional,3500.3700000000003,0.534,0,1,457,995,113,83,12,5,140,12,125,2,347,152,4,0,0,710,537.6098292735195,11658.75,1,0.07147325617766656,74546047.5
400,Greene County Schools,2667,Traditional,1940.12,0.728,0,1,355,364,44,21,10,3,53,4,57,1,104,66,1,0,0,266,267.19794815425485,12038.96,1,0.13310836145481814,32107906.319999997
410,Guilford County Schools,65879,Traditional,39311.538,0.574,0,1,7028,9567,1755,580,192,39,693,109,1301,33,3236,1501,108,18,2,11892,657.5982115492095,11565.99,0,0.10668042927184687,761955855.21
420,Halifax County Schools,2049,Traditional,1603.674,0.738,0,1,44,258,34,12,6,0,54,4,38,0,72,37,0,1,0,111,637.3654536135315,15330.14,1,0.021473889702293802,31411456.86
421,Roanoke Rapids City Schools,2604,Traditional,1728.639,0.627,0,1,161,453,73,71,21,1,55,4,52,1,118,55,0,2,0,278,6.89999343973459,11327.57,0,0.06182795698924731,29496992.279999997
422,Weldon City Schools,677,Traditional,561.7710000000001,0.777,0,1,9,96,4,4,0,2,28,2,13,0,27,16,0,0,0,43,86.09746109746109,16291.810000000001,1,0.013293943870014771,11029555.370000001
430,Harnett County Schools,19503,Traditional,11286.115,0.569,0,1,1522,2877,369,260,41,15,213,19,599,2,937,402,10,10,0,1484,601.3041316997574,9099.2,0,0.07803927600881916,177461697.60000002
440,Haywood County Schools,6423,Traditional,3589.2140000000004,0.551,0,1,215,1273,135,100,17,6,41,11,164,4,556,232,5,2,0,715,554.311138386008,10767.21,1,0.033473454771913436,69157789.83
450,Henderson County Schools,12533,Traditional,5325.64,0.42200000000000004,0,1,1371,1863,382,150,27,18,51,48,271,6,763,133,10,4,0,870,375.10164026356375,10346.439999999999,0,0.1093912072129578,129671932.51999998
460,Hertford County Schools,2274,Traditional,1911.747,0.789,0,1,69,355,34,23,3,0,52,3,65,0,144,31,0,0,0,170,355.81222056631896,13209.68,1,0.030343007915567283,30038812.32
470,Hoke County Schools,8438,Traditional,4781.327,0.547,0,1,610,1169,212,65,14,6,121,22,197,2,308,208,5,9,0,674,251.79936394576802,9919.269999999999,0,0.07229201232519554,83698800.25999999
480,Hyde County Schools,449,Traditional,288.9320000000001,0.6070000000000001,0,1,42,96,12,5,0,0,6,0,11,0,48,14,0,0,0,39,687.8547105561861,24107.59,1,0.0935412026726058,10824307.91
490,Iredell-Statesville Schools,20433,Traditional,7930.3200000000015,0.38200000000000006,0,0,1152,2607,305,201,28,22,196,23,413,1,813,590,12,3,0,2048,561.3924224524,10549.16,0,0.056379386286888857,215550986.28
491,Mooresville Graded School District,5731,Traditional,2675.8709999999996,0.45299999999999996,0,1,259,782,107,84,18,1,43,8,137,2,265,111,2,4,0,617,35.99990493505876,12822.17,0,0.04519281102774385,73483856.27
500,Jackson County Public Schools,3357,Traditional,2012.0030000000002,0.5810000000000001,0,1,222,641,63,62,19,0,37,7,82,2,245,121,1,2,0,355,464.4989203607265,12352.45,1,0.06613047363717604,41467174.650000006
510,Johnston County Public Schools,36745,Traditional,16146.5,0.43,0,1,3536,6119,797,490,122,37,267,67,1117,12,2544,635,15,16,0,4192,795.7010237723408,10653.01,0,0.09623077969791809,391444852.45
520,Jones County Schools,980,Traditional,713.629,0.679,0,1,34,195,34,10,5,2,14,0,37,0,59,34,0,0,0,37,473.4177215189873,14922.65,1,0.03469387755102041,14624197
530,Lee County Schools,8964,Traditional,5819.922,0.626,0,1,1315,1296,173,132,23,11,89,26,133,1,472,226,8,1,1,1283,259.1972382522671,10687.12,0,0.14669790272199912,95799343.68
540,Lenoir County Public Schools,8091,Traditional,5862.78,0.705,0,1,437,1550,204,56,44,7,223,35,115,3,674,183,5,0,1,1350,401.3953488372093,10233.279999999999,1,0.05401062909405512,82797468.47999999
550,Lincoln County Schools,11395,Traditional,5221.185,0.445,0,1,409,1758,212,123,29,3,150,10,252,1,608,358,5,6,1,1423,304.89922643793085,9984.68,0,0.03589293549802545,113775428.60000001
560,Macon County Schools,4357,Traditional,2404.0800000000004,0.54,0,1,327,704,65,92,28,7,40,7,85,6,275,97,2,0,0,272,519.7261545602228,10903.68,1,0.07505164103741106,47507333.76
570,Madison County Schools,2099,Traditional,985.32,0.47600000000000003,0,1,36,374,37,27,8,5,22,5,72,0,167,26,2,3,0,186,451.51033386327504,13316.789999999999,1,0.01715102429728442,27951942.209999997
580,Martin County Schools,2489,Traditional,1825.0500000000002,0.6900000000000001,0,1,86,484,74,49,7,6,36,8,51,2,140,106,3,2,0,171,456.6702079222947,12933.93,1,0.03455202892728003,32192551.77
590,McDowell County Schools,5419,Traditional,3392.051,0.589,0,1,392,994,113,101,26,8,52,6,163,5,362,148,6,4,0,563,445.4040252328026,11203.400000000001,1,0.07233806975456726,60711224.60000001
600,Charlotte-Mecklenburg Schools,140415,Traditional,65724.3,0.45,0,1,22777,16312,2830,1458,303,75,1125,200,2292,28,6101,1708,135,55,2,17651,546.099500647309,10902.33,0,0.16221201438592742,1530850666.95
610,Mitchell County Schools,1697,Traditional,921.6840000000001,0.534,0,1,103,348,28,23,21,0,23,2,32,2,156,59,0,2,0,201,221.9016708739031,13540.58,1,0.06069534472598703,22978364.26
620,Montgomery County Schools,3470,Traditional,2207.052,0.606,0,1,353,394,24,71,6,4,54,2,50,0,97,84,1,1,0,179,501.5216839969566,12060.210000000001,1,0.10172910662824207,41848928.7
630,Moore County Schools,12792,Traditional,5582.577,0.429,0,1,425,1901,238,156,16,24,90,24,333,10,708,285,10,7,0,1676,705.6823168056166,10433.89,1,0.03322388993120701,133470320.88
640,Nash County Public Schools,14228,Traditional,10088.338000000002,0.6890000000000001,0,1,799,2264,319,164,29,16,229,26,321,2,841,294,17,5,1,849,546.9964407641462,9828.53,1,0.056156873770030924,139840324.84
650,New Hanover County Schools,24719,Traditional,11252.389000000001,0.449,0,1,1715,3452,489,321,99,28,156,56,644,9,1114,514,12,10,0,3901,203.90012413771427,11581.939999999999,0,0.06937982928111978,286293974.85999995
660,Northampton County Schools,1202,Traditional,1058.575,0.805,1,0,23,221,32,11,5,0,29,4,21,0,65,48,2,4,0,56,550.5890505890505,15935.1,1,0.01913477537437604,19153990.2
670,Onslow County Schools,27002,Traditional,13922.706,0.511,0,1,608,4979,831,377,133,44,188,53,1110,7,1662,544,22,8,0,2754,632.6001978053031,10528.119999999999,0,0.02251685060365899,284280296.23999995
680,Orange County Schools,6970,Traditional,3600.696,0.506,0,1,769,1108,157,87,21,8,51,25,236,0,343,170,8,2,0,1358,338.4972889233153,13575.119999999999,1,0.11032998565279771,94618586.39999999
681,Chapel Hill-Carrboro City Schools,11266,Traditional,3630.744,0.312,0,0,1277,1321,257,85,36,16,35,25,217,2,490,145,8,5,0,3181,62.39984729066514,16321.64,0,0.11334990236108645,183879596.23999998
690,Pamlico County Schools,1151,Traditional,636.6500000000001,0.535,0,1,18,193,23,23,6,0,16,2,35,1,41,45,1,0,0,88,340.8230244887655,15443.369999999999,1,0.015638575152041704,17775318.869999997
700,Elizabeth City-Pasquotank Public Schools,4565,Traditional,3008.808,0.638,0,1,193,774,129,54,33,7,52,20,108,3,230,135,2,1,0,170,227.10368221014343,11689.86,1,0.04227820372398686,53364210.900000006
710,Pender County Schools,10780,Traditional,4884.44,0.44,0,1,505,1538,196,136,22,13,84,22,301,1,524,223,10,5,1,1211,877.127709050321,10230.21,1,0.046846011131725415,110281663.8
720,Perquimans County Schools,1647,Traditional,916.522,0.542,0,1,14,300,27,22,12,1,11,5,37,1,110,73,0,1,0,163,247.48762561871908,12576.96,1,0.008500303582270795,20714253.119999997
730,Person County Schools,4299,Traditional,2637.778,0.598,0,1,136,792,95,68,30,10,47,10,146,1,253,124,4,4,0,409,404.38556418455914,11047.369999999999,1,0.031635264014887185,47492643.629999995
740,Pitt County Schools,23628,Traditional,13404.933,0.549,0,1,1024,3492,676,356,124,35,361,93,430,1,1070,321,17,8,0,2506,655.1070840197693,9984.66,0,0.04333841205349585,235917546.48
750,Polk County Schools,2012,Traditional,1122.3,0.522,0,1,62,363,53,29,4,5,17,3,64,0,141,46,0,1,0,347,238.48789890768904,13875.15,1,0.030815109343936383,27916801.8
760,Randolph County School System,14942,Traditional,8820.210000000001,0.5820000000000001,0,1,934,2106,238,157,23,13,151,24,271,3,728,483,12,3,0,1827,755.3051643192488,9834.79,1,0.06250836568063177,146951432.18
761,Asheboro City Schools,4352,Traditional,3286.053,0.747,0,1,851,654,86,75,8,9,45,10,66,0,240,114,0,1,0,312,34.69992495222474,11468.53,0,0.19554227941176472,49911042.56
770,Richmond County Schools,6412,Traditional,4701.132,0.711,0,1,347,1131,96,208,10,6,135,15,257,0,284,117,2,1,0,560,479.68988138625673,11196.67,1,0.05411728009981285,71793048.04
780,Public Schools of Robeson County,20356,Traditional,15068.9,0.721,0,1,1977,2736,304,138,30,25,600,33,158,1,722,710,5,9,1,1122,949.3131217432497,10266.55,1,0.09712124189428178,208985891.79999998
790,Rockingham County Schools,10976,Traditional,6759.267000000001,0.5910000000000001,0,1,555,2109,332,93,67,15,115,18,383,7,660,408,4,7,0,1663,572.8074473297403,10741.01,1,0.05056486880466472,117893325.76
800,Rowan-Salisbury Schools,17617,Traditional,10312.016000000001,0.5720000000000001,0,1,1519,2221,218,174,61,11,221,34,428,4,750,312,4,4,0,1629,518.3991258024861,11489.02,0,0.08622353408639383,202402065.34
810,Rutherford County Schools,7061,Traditional,4702.259,0.643,0,1,196,1415,154,115,24,9,94,19,293,2,451,240,7,7,0,1106,567.2177277523742,10858.35,1,0.027758107916725675,76670809.35000001
820,Sampson County Schools,7824,Traditional,5353.25,0.665,0,1,1271,947,60,112,6,15,214,11,125,1,271,128,2,2,0,898,874.24,10612.609999999999,1,0.1624488752556237,83033060.63999999
821,Clinton City Schools,2848,Traditional,1880.232,0.628,0,1,388,238,33,45,0,5,39,1,28,1,39,46,1,0,0,270,73.40043134435659,11198.89,0,0.13623595505617977,31894438.72
830,Scotland County Schools,5281,Traditional,4198.18,0.7640000000000001,0,1,21,1044,110,80,23,6,108,12,188,1,377,137,1,1,0,473,320.6017224024158,11769.82,1,0.003976519598560878,62156419.42
840,Stanly County Schools,8631,Traditional,4705.6,0.544,0,1,271,1145,111,150,14,11,80,18,224,9,385,136,2,5,0,909,404.9000335618737,9546.61,1,0.031398447456841616,82396790.91000001
850,Stokes County Schools,5441,Traditional,3282.444,0.594,0,1,77,1052,106,67,10,13,60,5,154,4,392,230,7,4,0,519,455.8121632024634,11663.25,1,0.014151810328983643,63459743.25
860,Surry County Schools,7108,Traditional,4452.195,0.605,0,1,707,998,76,96,10,7,74,12,133,4,301,281,1,3,0,401,494.20996013415174,10553.449999999999,1,0.09946539110861001,75013922.6
861,Elkin City Schools,1222,Traditional,657.86,0.518,0,1,102,145,15,14,3,1,15,1,15,1,31,47,0,2,0,133,26.400230144504192,12398.439999999999,0,0.08346972176759411,15150893.679999998
862,Mount Airy City Schools,1694,Traditional,962.4390000000001,0.541,0,1,165,273,23,20,2,5,20,2,41,1,124,30,1,4,0,231,17.09991960254798,12478.49,0,0.09740259740259741,21138562.06
870,Swain County Schools,1784,Traditional,1038.3680000000002,0.5920000000000001,0,1,21,387,47,55,3,4,16,3,43,1,140,74,0,1,0,173,501.84139454947206,13178.53,1,0.011771300448430493,23510497.52
880,Transylvania County Schools,3172,Traditional,2003.848,0.616,0,1,136,607,122,38,14,2,29,8,95,2,228,62,2,4,1,295,380.3006506618802,12933.599999999999,1,0.04287515762925599,41025379.199999996
890,Tyrrell County Schools,437,Traditional,303.968,0.644,0,1,33,77,3,7,4,0,12,0,4,0,26,21,0,0,0,31,393.6106088004822,23505.27,1,0.07551487414187644,10271802.99
900,Union County Public Schools,41378,Traditional,13153.199,0.313,0,0,2659,4253,631,249,33,26,259,66,795,6,1690,436,35,25,2,6318,639.703954976486,9973.8,0,0.06426120160471749,412695896.4
910,Vance County Schools,5072,Traditional,4319.811000000001,0.783,0,1,420,660,101,42,10,5,159,12,77,0,174,74,4,2,0,338,268.69577193224075,11615.39,1,0.08280757097791798,58913258.08
920,Wake County Schools,159675,Traditional,60399.472,0.368,0,0,15404,20526,4250,2591,609,57,919,245,3440,52,6349,1804,156,49,5,28686,857.2018968394839,11020.37,0,0.09647095663065602,1759677579.7500002
930,Warren County Schools,1583,Traditional,1334.3100000000002,0.79,0,1,30,300,50,33,5,1,61,1,47,0,60,42,0,0,0,102,444.3449048152296,15689.77,1,0.018951358180669616,24836905.91
940,Washington County Schools,1001,Traditional,868.32,0.81,1,0,50,168,14,36,1,1,26,3,14,0,54,19,0,0,0,72,374.58654906284454,14730.67,1,0.04995004995004995,14745400.67
950,Watauga County Schools,4583,Traditional,1835.3099999999997,0.39299999999999996,0,0,163,889,99,98,13,2,42,14,110,0,341,168,1,1,0,754,313.3027217674852,12143.99,1,0.03556622299803622,55655906.17
960,Wayne County Public Schools,16949,Traditional,10933.468,0.637,0,1,2160,2556,556,284,32,31,234,62,542,11,640,150,12,2,0,1434,557.7021919879062,9958.67,0,0.12744114697032274,168789497.83
970,Wilkes County Schools,8176,Traditional,4610.070000000001,0.543,0,1,485,1352,141,121,18,14,98,17,216,3,406,312,3,3,0,871,757.2036278995104,10986.869999999999,1,0.05931996086105675,89828649.11999999
980,Wilson County Schools,10070,Traditional,6563.802,0.634,0,1,711,1066,138,172,27,14,133,19,182,3,213,141,20,4,0,841,373.10035482359245,10256.029999999999,1,0.07060575968222443,103278222.1
990,Yadkin County Schools,4946,Traditional,2938.8849999999998,0.569,0,1,400,856,67,63,6,15,97,17,83,3,244,253,2,6,0,516,337.7082281675921,11274.8,1,0.08087343307723413,55765160.8
995,Yancey County Schools,2009,Traditional,1227.204,0.594,0,1,135,326,30,24,6,0,27,0,32,2,141,64,0,0,0,234,313.2108486439195,12495.64,1,0.06719761075161772,25103740.759999998
00A,North Carolina Cyber Academy,2421,Charter,1757.0639999999999,0.716,0,1,44,394,104,3,11,2,36,2,98,0,102,32,1,3,0,177,NA,7757,0,0.018174308137133416,18779697
00B,NC Virtual Academy,3015,Charter,2035.5089999999998,0.6809999999999999,0,1,25,374,92,10,5,2,21,1,80,1,112,48,1,1,0,0,NA,7879.549999999999,0,0.008291873963515755,23756843.249999996
01B,River Mill Academy,754,Charter,280.125,0.375,0,0,26,72,4,0,0,0,1,0,16,0,19,32,0,0,0,0,NA,9514.73,0,0.034482758620689655,7174106.42
01C,Clover Garden,930,Charter,276.33,0.302,0,0,9,137,20,2,1,1,8,2,28,1,46,24,2,2,0,68,NA,9589.89,0,0.00967741935483871,8918597.7
01D,The Hawbridge School,582,Charter,143,0.25,0,0,9,64,12,3,3,0,2,0,15,0,23,6,0,0,0,0,NA,10392.86,0,0.015463917525773196,6048644.5200000005
01F,Alamance Community School,607,Charter,263.73,0.44700000000000006,0,1,9,95,16,12,1,0,2,1,14,1,27,20,1,0,0,0,NA,9805.92,0,0.014827018121911038,5952193.44
06B,Marjorie Williams Academy,109,Charter,86.982,0.763,0,1,9,28,2,2,0,0,2,0,6,0,13,3,0,0,0,0,NA,17069.46,0,0.08256880733944955,1860571.14
07A,Washington Montessori,409,Charter,150.99699999999999,0.371,0,0,9,66,8,0,1,1,2,0,11,0,25,18,0,0,0,0,NA,10640.45,0,0.022004889975550123,4351944.050000001
09A,Paul R Brown Leadership Academy,204,Charter,155.085,0.735,0,1,0,31,0,0,2,0,6,0,12,0,11,0,0,0,0,0,NA,10539.74,0,0,2150106.96
09B,Emereau: Bladen,569,Charter,261.03000000000003,0.462,0,1,9,87,3,2,0,0,14,0,19,0,40,9,0,0,0,0,NA,10284.14,0,0.015817223198594025,5851675.659999999
10A,Classical Charter Schools of Leland,942,Charter,360.64,0.392,0,0,9,142,20,6,1,0,1,1,27,2,35,48,0,1,0,0,NA,10538.380000000001,0,0.009554140127388535,9927153.96
10B,Classical Charter Schools of Southport,573,Charter,245.196,0.441,0,1,9,73,10,5,0,0,1,0,9,0,19,28,1,0,0,0,NA,11806.55,0,0.015706806282722512,6765153.149999999
11A,Evergreen Community Charter,437,Charter,132.108,0.303,0,0,9,63,7,0,0,1,2,0,20,0,29,4,0,0,0,47,NA,13272.85,0,0.020594965675057208,5800235.45
11B,ArtSpace Charter,403,Charter,195.90900000000002,0.49100000000000005,0,1,9,72,14,5,4,0,2,0,7,0,25,15,0,0,0,0,NA,10664.25,0,0.022332506203473945,4297692.75
11C,Invest Collegiate - Imagine,1203,Charter,479.20000000000005,0.4,0,1,19,176,27,8,6,0,6,0,28,0,55,43,1,2,0,0,NA,12038.15,0,0.015793848711554447,14481894.45
11D,The Franklin School of Innovation,691,Charter,250.107,0.363,0,0,9,104,24,0,6,1,3,0,25,0,42,3,0,0,0,0,NA,11290.970000000001,0,0.013024602026049204,7802060.2700000005
11F,Asheville PEAK Academy,154,Charter,139.05,0.927,1,0,0,24,0,6,0,0,0,0,4,0,8,6,0,0,0,0,NA,16121.86,0,0,2482766.44
11K,Francine Delany New School,192,Charter,84.93,0.44700000000000006,0,1,0,28,2,2,2,0,2,0,10,0,7,1,1,1,0,0,NA,12790.21,0,0,2455720.32
11L,Mountain City Public Montessori,98,Charter,42.048,0.438,0,1,0,11,4,1,0,0,0,0,1,0,0,5,0,0,0,0,NA,12636.91,0,0,1238417.18
12A,The New Dimensions School,550,Charter,182.03,0.334,0,0,9,99,16,5,5,0,3,0,12,1,29,28,0,0,0,0,NA,9880.66,0,0.016363636363636365,5434363
13A,Carolina International School,734,Charter,275.12,0.38,0,0,59,113,22,7,1,2,2,1,26,0,38,14,0,0,0,28,NA,10381.93,0,0.08038147138964577,7620336.62
13B,Cabarrus Charter Academy,768,Charter,463.14,0.62,0,1,35,90,9,3,3,1,3,1,20,0,32,18,0,0,0,21,NA,12776.720000000001,0,0.045572916666666664,9812520.96
13C,A.C.E. Academy,431,Charter,271.999,0.637,0,1,31,59,3,0,0,0,2,0,11,0,28,15,0,0,0,0,NA,12086.94,0,0.07192575406032482,5209471.140000001
13D,Concord Lake STEAM Academy,671,Charter,482.15999999999997,0.735,0,1,24,81,15,11,0,0,7,0,13,0,18,17,0,0,0,58,NA,9879.1,0,0.03576751117734724,6628876.100000001
14B,Oak Hill Charter School,205,Charter,120.99799999999999,0.599,0,1,0,25,4,1,0,0,2,0,3,0,1,14,0,0,0,0,NA,10017.27,0,0,2053540.35
16B,Tiller School,198,Charter,70.08,0.365,0,0,9,28,4,1,1,0,4,0,3,0,8,7,0,0,0,0,NA,12231.37,0,0.045454545454545456,2421811.2600000002
19A,Chatham Charter,578,Charter,167.042,0.289,0,0,9,63,4,3,0,0,1,0,21,0,26,7,0,1,0,0,NA,10445.119999999999,0,0.015570934256055362,6037279.359999999
19B,Woods Charter School,509,Charter,79.248,0.156,0,0,9,71,11,2,0,0,1,0,24,0,21,12,0,0,0,0,NA,13187.529999999999,0,0.01768172888015717,6712452.77
19C,Willow Oak Montessori,272,Charter,48.870000000000005,0.18100000000000002,0,0,9,43,5,3,0,1,1,0,5,0,20,8,0,0,0,0,NA,13994.66,0,0.03308823529411765,3806547.52
19F,School of the Arts for Boys Acad (SABA),48,Charter,0,NA,NA,NA,0,7,2,0,2,0,0,0,2,0,1,0,0,0,0,0,NA,6627.610000000001,0,0,318125.28
23A,Pinnacle Classical Academy,1136,Charter,441.54,0.396,0,0,14,124,10,5,0,1,2,0,33,0,57,16,0,0,0,0,NA,9158.45,0,0.01232394366197183,10403999.200000001
24B,Thomas Academy,75,Charter,74.971,0.9490000000000001,1,0,9,11,0,0,0,0,2,0,5,0,4,0,0,0,0,0,NA,13694.7,0,0.12,1027102.5
24N,Classical Charter Schools of Whiteville,847,Charter,540.054,0.657,0,1,12,134,13,5,1,0,10,0,20,0,50,34,0,1,0,0,NA,11648.52,0,0.014167650531286895,9866296.44
26B,Alpha Academy,988,Charter,636.985,0.667,0,1,43,89,8,6,0,0,3,0,18,0,36,18,0,0,0,0,NA,10045.43,0,0.043522267206477734,9924884.84
26C,The Capitol Encore Academy,775,Charter,459.174,0.618,0,1,9,93,6,2,5,0,1,0,29,0,39,10,0,1,0,38,NA,8799.789999999999,0,0.011612903225806452,6819837.249999999
27A,Water's Edge Village School,42,Charter,9.996,0.23800000000000002,0,0,9,3,0,0,0,0,0,0,1,0,0,2,0,0,0,0,NA,14321.92,0,0.21428571428571427,601520.64
29A,Davidson Charter Academy,577,Charter,296.208,0.528,0,1,10,71,15,5,2,1,1,0,8,0,13,26,0,0,0,0,NA,15839.23,0,0.01733102253032929,9139235.709999999
32A,Maureen Joy Charter,614,Charter,459.8,0.76,0,1,197,95,16,6,0,0,6,0,11,0,35,21,0,0,0,0,NA,15601.84,0,0.32084690553745926,9579529.76
32B,Healthy Start Academy,762,Charter,536.8480000000001,0.7120000000000001,0,1,138,67,7,6,0,2,8,0,11,0,21,11,1,0,0,0,NA,15994.130000000001,0,0.18110236220472442,12187527.06
32C,Community School of Digital and Visual A,178,Charter,152.94400000000002,0.8690000000000001,1,0,16,20,0,1,0,0,3,1,6,0,6,3,0,0,0,0,NA,13977.99,0,0.0898876404494382,2488082.2199999997
32D,Kestrel Heights School,439,Charter,237.93800000000002,0.542,0,1,33,48,2,3,2,1,2,0,9,0,16,13,0,0,0,41,NA,10594.689999999999,0,0.07517084282460136,4651068.909999999
32H,Research Triangle Charter,722,Charter,554.3489999999999,0.7709999999999999,0,1,87,75,11,6,0,1,7,0,14,0,24,11,1,0,0,0,NA,8616.89,0,0.12049861495844875,6221394.579999999
32K,Central Park School For Children,591,Charter,210.862,0.358,0,0,32,145,27,7,2,2,4,0,20,1,59,22,1,0,0,0,NA,13809.89,0,0.05414551607445008,8161644.989999999
32L,Voyager Academy,1345,Charter,312.39,0.23399999999999999,0,0,9,248,31,11,1,1,9,0,60,0,101,30,3,1,0,150,NA,11852.900000000001,0,0.006691449814126394,15942150.500000002
32M,Global Scholars Academy,195,Charter,123.045,0.631,0,1,52,28,2,0,1,0,2,0,2,1,14,6,0,0,0,8,NA,14697.989999999998,0,0.26666666666666666,2866108.05
32N,Research Triangle High School,558,Charter,81.992,0.14800000000000002,0,0,9,37,11,0,1,2,0,0,8,0,12,1,1,1,0,0,NA,10143.060000000001,0,0.016129032258064516,5659827.48
32P,The Institute for the Development of You,389,Charter,216.96000000000004,0.5650000000000001,0,1,65,39,4,3,2,0,4,0,6,0,15,5,0,0,0,0,NA,12316.02,0,0.16709511568123395,4790931.78
32Q,Reaching All Minds Academy,376,Charter,346.88500000000005,0.935,1,0,168,19,2,0,0,1,6,0,2,0,6,2,0,0,0,0,NA,14914.41,0,0.44680851063829785,5607818.16
32R,Excelsior Classical Academy,1017,Charter,241.15099999999998,0.239,0,0,37,129,12,5,1,0,0,2,32,0,61,15,1,0,0,0,NA,11551.04,0,0.03638151425762045,11747407.680000002
32S,KIPP Durham College Preparatory,353,Charter,227.097,0.647,0,1,100,35,3,3,1,0,4,0,8,0,12,4,0,0,0,0,NA,14021.599999999999,0,0.28328611898017,4949624.8
32T,Discovery Charter School,403,Charter,152.817,0.383,0,0,9,70,9,0,1,0,4,0,25,0,29,1,0,1,0,0,NA,13194.07,0,0.022332506203473945,5317210.21
33A,North East Carolina Preparatory School,1006,Charter,641.816,0.628,0,1,54,114,8,3,1,2,12,0,25,0,37,26,0,0,0,40,NA,10128.42,0,0.0536779324055666,10189190.52
34B,Quality Education Academy,652,Charter,475.82,0.74,0,1,59,80,4,0,2,1,6,0,14,0,43,9,0,1,0,0,NA,12910.060000000001,0,0.09049079754601227,8417359.120000001
34D,Carter G Woodson School,492,Charter,357.939,0.7290000000000001,0,1,124,48,1,4,1,0,3,0,6,0,23,10,0,0,0,0,NA,13002.95,0,0.25203252032520324,6397451.4
34F,Forsyth Academy,742,Charter,665.016,0.9159999999999999,1,0,185,116,8,5,0,2,3,0,19,0,45,31,2,1,0,0,NA,9202.24,0,0.24932614555256064,6828062.08
34G,Arts Based School,609,Charter,226.038,0.373,0,0,9,83,4,2,0,0,2,0,10,0,30,35,0,0,0,0,NA,10925.2,0,0.014778325123152709,6653446.800000001
34H,NC Leadership Charter Academy,1150,Charter,213.71400000000003,0.18600000000000003,0,0,10,104,5,2,0,0,1,0,9,0,52,35,0,0,0,0,NA,9143.720000000001,0,0.008695652173913044,10515278.000000002
35A,Crosscreek Charter School,388,Charter,192.885,0.501,0,1,9,62,9,3,0,2,6,0,16,0,17,8,0,1,0,12,NA,10915.310000000001,0,0.023195876288659795,4235140.28
35B,Youngsville Academy,539,Charter,99.858,0.187,0,0,9,31,2,4,0,0,0,0,6,0,10,9,0,0,0,0,NA,28244.73,0,0.016697588126159554,15223909.47
35C,Wake Preparatory Academy,2141,Charter,538.368,0.256,0,0,0,202,30,5,4,1,2,1,56,0,72,28,2,1,0,163,NA,10974.64,0,0,23496704.24
36B,Piedmont Community Charter,1907,Charter,744.575,0.395,0,0,74,207,34,5,6,3,10,1,50,2,77,19,0,0,0,0,NA,8387.93,0,0.03880440482433141,15995782.51
36C,Mountain Island Charter,1728,Charter,466.391,0.271,0,0,12,123,16,7,2,1,3,1,15,0,65,12,1,0,0,275,NA,10634.85,0,0.006944444444444444,18377020.8
36F,Ridgeview Charter School,280,Charter,225.12,0.84,1,0,9,22,1,2,0,0,6,0,3,0,8,1,0,1,0,0,NA,11376.42,0,0.03214285714285714,3185397.6
36G,Community Public Charter,742,Charter,330.132,0.451,0,1,0,112,11,9,0,1,2,2,16,0,43,28,0,0,0,71,NA,10380.17,0,0,7702086.14
39A,Falls Lake Academy,1106,Charter,300.02700000000004,0.273,0,0,9,164,20,5,2,1,3,1,33,1,69,28,0,1,0,0,NA,11072.17,0,0.0081374321880651,12245820.02
39B,Oxford Preparatory School,842,Charter,306.912,0.368,0,0,14,99,8,5,1,1,4,1,21,0,36,22,0,0,0,0,NA,10838.49,0,0.0166270783847981,9126008.58
41B,Greensboro Academy,763,Charter,157.941,0.207,0,0,26,72,16,3,0,0,1,0,10,0,17,24,1,0,0,0,NA,7452.4,0,0.03407601572739188,5686181.2
41C,Guilford Preparatory Academy,593,Charter,457.856,0.784,0,1,18,67,4,0,1,0,2,0,9,1,37,12,1,0,0,0,NA,8731.3,0,0.03035413153456998,5177660.899999999
41D,Phoenix Academy Inc,1475,Charter,640.484,0.436,0,1,29,180,40,11,3,0,17,0,36,0,48,23,1,1,0,0,NA,8206.45,0,0.01966101694915254,12104513.750000002
41F,Triad Math and Science Academy,1283,Charter,753.27,0.595,0,1,124,146,22,6,5,0,5,2,22,0,61,23,0,0,0,0,NA,12726.58,0,0.09664848012470771,16328202.14
41G,Cornerstone Charter Academy,1338,Charter,296.814,0.222,0,0,9,130,17,5,0,0,2,0,32,1,37,34,1,1,0,0,NA,10799.64,0,0.006726457399103139,14449918.319999998
41H,The College Preparatory and Leadership A,842,Charter,606.0960000000001,0.7320000000000001,0,1,9,91,8,1,2,0,5,0,22,0,37,16,0,0,0,0,NA,13711.32,0,0.010688836104513063,11544931.44
41J,Summerfield Charter Academy,784,Charter,151.902,0.19399999999999998,0,0,34,65,10,2,0,0,1,1,15,0,19,16,1,0,0,0,NA,7781.01,0,0.04336734693877551,6100311.84
41K,Piedmont Classical High School,444,Charter,280.14,0.644,0,1,11,52,7,0,2,1,1,0,13,0,27,1,0,0,0,0,NA,11013.16,0,0.024774774774774775,4889843.04
41L,Gate City Charter Academy,691,Charter,572.742,0.846,1,0,59,78,18,4,1,0,6,0,9,0,29,10,0,1,0,0,NA,9804.130000000001,0,0.085383502170767,6774653.830000001
41M,Next Generation Academy,414,Charter,325.15500000000003,0.795,0,1,9,41,2,2,0,0,1,0,3,0,18,15,0,0,0,0,NA,11376.17,0,0.021739130434782608,4709734.38
41N,The Experiential School of Greensboro,259,Charter,108.966,0.429,0,1,9,60,16,0,1,0,2,0,12,0,22,6,1,0,0,0,NA,11732.65,0,0.03474903474903475,3038756.35
41Q,Revolution Academy,724,Charter,120.74100000000001,0.167,0,0,9,88,11,5,0,1,0,1,14,0,30,26,0,0,0,0,NA,38469.76,0,0.012430939226519336,27852106.240000002
41R,Summit Creek Academy,662,Charter,463.68,0.72,0,1,0,98,23,9,0,1,3,0,10,1,33,17,1,0,0,0,NA,10961.24,0,0,7256340.88
42A,KIPP Halifax College Preparatory,536,Charter,425.16900000000004,0.783,0,1,13,51,6,1,5,1,10,0,8,0,11,9,0,0,0,0,NA,15186,0,0.024253731343283583,8139696
42B,Hobgood Charter School,517,Charter,210.07999999999998,0.40399999999999997,0,1,9,84,6,3,0,0,6,2,15,0,30,21,0,1,0,0,NA,13521.54,0,0.017408123791102514,6990636.180000001
43C,Anderson Creek Academy,280,Charter,87.906,0.322,0,0,9,28,4,2,0,0,0,0,5,0,4,13,0,0,0,0,NA,10864.39,0,0.03214285714285714,3042029.1999999997
43D,Achievement Charter Academy,190,Charter,92.07,0.495,0,1,9,28,4,4,2,0,1,0,2,0,12,2,1,0,0,0,NA,10570.49,0,0.04736842105263158,2008393.0999999999
44A,Shining Rock Classical Academy: CFA,606,Charter,336.938,0.574,0,1,9,116,18,3,4,0,6,0,15,0,55,13,2,0,0,0,NA,11672.85,0,0.01485148514851485,7073747.100000001
45A,The Mountain Community Sch,195,Charter,60.023,0.311,0,0,0,41,4,1,0,0,0,0,6,0,16,14,0,0,0,22,NA,11565.349999999999,0,0,2255243.2499999995
45B,FernLeaf Community Charter School,658,Charter,230.15599999999998,0.353,0,0,0,112,25,6,4,0,3,0,27,1,27,17,1,1,0,0,NA,21009.78,0,0,13824435.239999998
49B,American Renaissance School,813,Charter,413.696,0.512,0,1,11,162,16,14,3,1,4,1,27,0,54,42,0,0,0,0,NA,10107.2,0,0.013530135301353014,8217153.600000001
49D,Success Institute Charter School,86,Charter,80.99000000000001,0.91,1,0,9,31,1,2,0,0,3,0,4,0,17,4,0,0,0,0,NA,15200.4,0,0.10465116279069768,1307234.4
49E,Pine Lake Preparatory,1874,Charter,121.485,0.065,0,0,9,177,16,1,2,1,5,1,50,0,54,47,0,0,0,0,NA,11094.060000000001,0,0.0048025613660619,20790268.44
49F,Langtree Charter Academy,1576,Charter,464.20799999999997,0.304,0,0,17,209,42,8,2,4,15,4,56,1,46,30,0,1,0,32,NA,9736.72,0,0.010786802030456852,15345070.719999999
49G,Iredell Charter Academy,695,Charter,406.119,0.5810000000000001,0,1,35,99,9,5,1,1,4,1,12,0,30,36,0,0,0,27,NA,10816.75,0,0.050359712230215826,7517641.25
50A,Summit Charter,296,Charter,75.887,0.259,0,0,16,34,1,0,1,0,0,0,4,0,16,11,1,0,0,0,NA,16587.93,0,0.05405405405405406,4910027.28
51A,Neuse Charter School,884,Charter,261.87000000000006,0.30100000000000005,0,0,12,87,15,2,0,1,4,0,12,1,33,19,0,0,0,83,NA,9024.36,0,0.013574660633484163,7977534.24
51B,Johnston Charter Academy,733,Charter,361.872,0.504,0,1,26,107,13,9,1,1,2,0,25,0,31,24,1,0,0,0,NA,9094.56,0,0.03547066848567531,6666312.4799999995
51C,American Leadership Academy Johnston,1804,Charter,643.962,0.363,0,0,0,230,29,10,5,2,4,1,49,1,87,40,2,0,0,76,NA,10764,0,0,19418256
53B,Ascend Leadership Academy: Lee County,582,Charter,160.73200000000003,0.281,0,0,9,67,14,0,0,0,3,0,22,0,27,1,0,0,0,0,NA,10402,0,0.015463917525773196,6053964
53C,MINA Charter School of Lee County,385,Charter,191.136,0.528,0,1,44,39,2,1,0,0,2,0,7,0,14,13,0,0,0,0,NA,17166.58,0,0.11428571428571428,6609133.300000001
53D,Central Carolina Academy Charter,430,Charter,141.203,0.337,0,0,0,36,3,0,2,0,0,0,14,0,16,1,0,0,0,0,NA,9602.54,0,0,4129092.2
54A,Children's Village Academy,143,Charter,126.94800000000002,0.8940000000000001,1,0,0,38,2,1,0,0,13,0,2,0,13,7,0,0,0,0,NA,18779.68,0,0,2685494.24
55A,Lincoln Charter School,2251,Charter,584.118,0.261,0,0,17,211,13,6,1,2,6,0,36,2,79,64,1,1,0,0,NA,10420.55,0,0.007552199022656597,23456658.049999997
55B,West Lake Preparatory Academy,357,Charter,173.01600000000002,0.48600000000000004,0,1,9,51,9,4,0,1,4,0,2,0,16,15,0,0,0,64,NA,15403.95,0,0.025210084033613446,5499210.15
58B,Bear Grass Charter School,438,Charter,149.21,0.34700000000000003,0,0,0,37,5,0,2,0,1,0,6,0,21,2,0,0,0,0,NA,12326.53,0,0,5399020.140000001
60B,Sugar Creek Charter,1499,Charter,943.326,0.647,0,1,112,142,16,2,1,1,15,0,33,0,62,12,0,0,0,0,NA,11743.01,0,0.07471647765176785,17602771.990000002
60D,Lake Norman Charter,2206,Charter,169.477,0.077,0,0,24,148,9,5,0,2,1,2,39,0,44,45,0,1,0,0,NA,10270.96,0,0.010879419764279238,22657737.759999998
60F,Metrolina Regional Scholars Academy,398,Charter,15.92,0.04,0,0,9,11,0,0,0,0,0,0,2,0,0,9,0,0,0,0,NA,14637.779999999999,0,0.022613065326633167,5825836.4399999995
60G,Queen's Grant Community School,1314,Charter,573.76,0.44,0,1,78,167,27,6,0,3,9,1,39,0,61,19,2,0,0,0,NA,7403.59,0,0.0593607305936073,9728317.26
60I,Community School of Davidson,1559,Charter,215.728,0.139,0,0,10,231,26,7,0,2,6,0,50,0,91,49,0,0,0,0,NA,12167.24,0,0.006414368184733804,18968727.16
60J,Socrates Academy,945,Charter,151.04,0.16,0,0,40,79,10,7,4,0,1,1,18,0,21,17,0,0,0,140,NA,10168.66,0,0.042328042328042326,9609383.7
60K,Charlotte Secondary School,166,Charter,87.98,0.53,0,1,22,41,5,0,1,0,4,0,9,0,21,1,0,0,0,0,NA,14052.29,0,0.13253012048192772,2332680.14
60L,KIPP: Charlotte,883,Charter,663.047,0.763,0,1,47,109,10,3,2,0,9,0,17,0,50,18,0,0,0,0,NA,9802.17,0,0.053227633069082674,8655316.11
60M,Corvian Community School,1259,Charter,211.926,0.16899999999999998,0,0,19,123,12,7,1,0,11,1,20,0,58,13,0,0,0,0,NA,12223.1,0,0.015091342335186657,15388882.9
60N,Aristotle Preparatory Academy,121,Charter,119.03999999999999,0.96,1,0,9,10,1,1,0,0,2,0,1,0,2,3,0,0,0,0,NA,23724.120000000003,0,0.0743801652892562,2870618.5200000005
60S,Bradford Preparatory School,1519,Charter,346.84000000000003,0.23,0,0,22,144,15,13,2,4,13,2,24,0,49,21,1,0,0,0,NA,10696.49,0,0.014483212639894667,16247968.31
60U,Commonwealth High School,346,Charter,245.95200000000003,0.5760000000000001,0,1,38,28,1,0,1,0,3,0,8,0,15,0,0,0,0,0,NA,10723.68,0,0.10982658959537572,3710393.2800000003
60Y,Pioneer Springs Community School,554,Charter,170.19,0.31,0,0,9,124,21,1,3,1,4,2,39,0,42,10,1,0,0,0,NA,12101.25,0,0.016245487364620937,6704092.5
61J,Lakeside Charter Academy,256,Charter,95.88200000000002,0.38200000000000006,0,0,19,39,4,4,0,0,1,0,9,0,16,4,1,0,0,0,NA,12542.33,0,0.07421875,3210836.48
61K,United Community School,241,Charter,120.904,0.508,0,1,20,50,17,4,0,0,1,0,2,1,17,7,1,0,0,0,NA,13285.82,0,0.08298755186721991,3201882.62
61L,Stewart Creek High School,338,Charter,242.056,0.632,0,1,25,45,2,0,2,0,2,0,17,0,22,0,0,0,0,0,NA,11166.32,0,0.07396449704142012,3774216.1599999997
61M,Charlotte Lab School,968,Charter,414.786,0.438,0,1,25,99,23,4,2,0,3,1,16,0,40,10,0,0,0,0,NA,10978.32,0,0.025826446280991736,10627013.76
61N,Queen City STEM School,677,Charter,257.843,0.401,0,1,112,49,9,5,0,0,1,0,7,0,16,11,0,0,0,0,NA,12288.68,0,0.1654357459379616,8319436.36
61P,VERITAS Community School,150,Charter,117.078,0.741,0,1,9,21,1,2,1,0,0,0,3,0,11,3,0,0,0,0,NA,10916.77,0,0.06,1637515.5
61Q,Mallard Creek STEM Academy,938,Charter,458.23400000000004,0.49700000000000005,0,1,47,82,6,3,0,0,0,1,9,0,45,18,0,0,0,0,NA,11986.25,0,0.050106609808102345,11243102.5
61R,Matthews Charter Academy,761,Charter,421.31100000000004,0.561,0,1,82,82,16,3,0,0,2,1,17,0,32,11,0,0,0,0,NA,9098.97,0,0.10775295663600526,6924316.17
61S,Unity Classical Charter School,737,Charter,230.142,0.317,0,0,9,49,11,4,0,0,0,0,6,0,21,7,0,0,0,0,NA,12069.279999999999,0,0.012211668928086838,8895059.36
61T,Movement Charter School,718,Charter,549.664,0.772,0,1,12,69,18,10,0,0,9,0,10,0,14,6,2,0,0,0,NA,10774.04,0,0.016713091922005572,7735760.720000001
61V,Bonnie Cone Classical Academy,527,Charter,268.243,0.509,0,1,28,44,13,3,0,0,1,0,7,0,14,6,0,0,0,17,NA,13525.82,0,0.05313092979127135,7128107.14
61W,East Voyager Academy,162,Charter,118.06400000000001,0.752,0,1,9,10,0,0,0,0,0,0,4,0,4,2,0,0,0,18,NA,13345.69,0,0.05555555555555555,2162001.7800000003
61X,Jackson Day School,890,Charter,274.436,0.314,0,0,9,100,8,5,0,1,0,0,23,0,42,21,0,0,0,0,NA,10931.14,0,0.010112359550561797,9728714.6
61Y,Steele Creek Preparatory Academy,371,Charter,307.913,0.8390000000000001,1,0,31,30,3,2,3,0,0,0,4,0,13,5,0,0,0,0,NA,14960.79,0,0.08355795148247978,5550453.090000001
62A,Tillery Charter Academy,211,Charter,131,0.655,0,1,0,27,3,2,2,0,0,0,3,0,8,9,0,0,0,0,NA,12015.73,0,0,2535319.03
62J,Southwest Charlotte STEM Academy,815,Charter,327.156,0.41100000000000003,0,1,39,72,4,4,0,0,3,1,7,0,34,19,0,0,0,0,NA,10697.63,0,0.04785276073619632,8718568.45
62K,Movement School Eastland,474,Charter,303.92,0.655,0,1,22,54,15,10,0,0,7,0,14,0,7,1,0,0,0,0,NA,10979.93,0,0.046413502109704644,5204486.82
62L,Telra Institute,529,Charter,38.92400000000001,0.07400000000000001,0,0,0,27,4,2,0,0,0,0,8,0,8,5,0,0,0,0,NA,13358.119999999999,0,0,7066445.4799999995
62M,Bonnie Cone Leadership Academy,1028,Charter,346.79699999999997,0.33899999999999997,0,0,0,104,15,6,1,0,4,1,16,0,44,17,0,0,0,0,NA,13036.14,0,0,13401151.92
62N,Aspire Trade High School,184,Charter,90.05199999999999,0.479,0,1,0,51,13,0,3,0,1,0,14,0,20,0,0,0,0,0,NA,13329.689999999999,0,0,2452662.96
62P,Movement School Southwest,207,Charter,137.08800000000002,0.672,0,1,0,19,4,7,0,0,1,0,3,0,1,2,1,0,0,0,NA,11437.34,0,0,2367529.38
62R,Movement School Northwest,105,Charter,68.013,0.687,0,1,0,11,5,4,0,0,0,0,0,0,0,2,0,0,0,0,NA,15790.47,0,0,1657999.3499999999
63A,The Academy of Moore County,461,Charter,131.823,0.29100000000000004,0,0,0,37,7,3,0,0,0,0,2,0,4,21,0,0,0,0,NA,9439.14,0,0,4351443.54
63B,Sandhills Theatre Arts Renaiss,862,Charter,217.344,0.256,0,0,0,88,17,2,0,2,6,2,18,0,21,20,0,0,0,0,NA,12088.68,0,0,10420442.16
63C,Moore Montessori Community School,228,Charter,71.1,0.316,0,0,0,33,6,2,0,1,1,1,6,0,7,9,0,0,0,0,NA,16315.4,0,0,3719911.1999999997
64A,Rocky Mount Preparatory,841,Charter,645.0120000000001,0.779,0,1,23,88,7,3,0,0,18,2,8,0,37,13,0,0,0,0,NA,10981.71,0,0.027348394768133173,9235618.11
65A,Cape Fear Center for Inquiry,402,Charter,108.138,0.269,0,0,9,56,8,2,1,0,3,0,14,0,17,11,0,0,0,0,NA,11545.91,0,0.022388059701492536,4641455.82
65B,Wilmington Preparatory Academy,92,Charter,71.01,0.789,0,1,0,15,0,1,0,0,0,0,5,0,6,3,0,0,0,0,NA,11305.41,0,0,1040097.72
65C,Classical Charter Schools of Wilmington,135,Charter,94.975,0.725,0,1,9,25,4,1,2,0,1,0,2,0,6,8,0,1,0,0,NA,14641.2,0,0.06666666666666667,1976562
65D,Island Montessori Charter,214,Charter,53.072,0.24800000000000003,0,0,9,32,5,0,0,0,0,0,5,0,18,4,0,0,0,0,NA,13530.99,0,0.04205607476635514,2895631.86
65F,American Leadership Academy-Coastal,853,Charter,247.61599999999999,0.292,0,0,9,90,9,5,0,0,3,0,31,0,31,11,0,0,0,24,NA,10869.02,0,0.010550996483001172,9271274.06
65G,Girls Leadership Academy of Wilmington,330,Charter,171.072,0.528,0,1,13,55,6,0,0,0,5,2,11,0,26,2,3,0,0,0,NA,14366.67,0,0.03939393939393939,4741001.1
65H,Wilmington School of the Arts,220,Charter,118.03500000000001,0.549,0,1,0,44,8,6,1,0,1,1,10,0,9,8,0,0,0,0,NA,11311,0,0,2488420
66A,KIPP Gaston College Preparatory,1150,Charter,818.3349999999999,0.721,0,1,32,115,9,4,4,1,21,0,20,1,41,14,0,0,0,0,NA,16666.04,0,0.02782608695652174,19165946
67B,Z.E.C.A. School of Arts and Technology,103,Charter,82.012,0.812,1,0,0,16,1,0,0,0,2,0,6,0,7,0,0,0,0,0,NA,12322.34,0,0,1269201.02
68A,Eno River Academy,797,Charter,102.039,0.129,0,0,9,95,15,3,1,2,2,0,30,0,31,11,0,0,0,0,NA,11015.01,0,0.011292346298619825,8778962.97
68C,The Expedition School,360,Charter,36,0.1,0,0,9,46,13,0,0,0,0,0,17,0,14,2,0,0,0,0,NA,11326,0,0.025,4077360
69A,Arapahoe Charter School,466,Charter,327.157,0.6829999999999999,0,1,9,102,27,1,1,0,16,1,11,0,30,13,1,1,0,0,NA,17481.129999999997,0,0.019313304721030045,8146206.579999999
70A,Northeast Academy of Aerospace & AdvTech,745,Charter,319.725,0.435,0,1,9,93,17,0,4,0,1,0,23,0,37,11,0,0,0,0,NA,11130.79,0,0.012080536912751677,8292438.550000001
73A,Bethel Hill Charter,349,Charter,190.15599999999998,0.5479999999999999,0,1,9,33,1,3,1,1,3,0,2,0,1,21,0,0,0,0,NA,11103.89,0,0.025787965616045846,3875257.61
73B,Roxboro Community School,700,Charter,207.29999999999998,0.3,0,0,9,37,3,0,0,1,5,1,7,0,17,2,0,1,0,209,NA,9810.130000000001,0,0.012857142857142857,6867091.000000001
74C,Winterville Charter Academy,587,Charter,409.83600000000007,0.7140000000000001,0,1,24,82,17,5,5,0,4,1,12,0,23,14,0,1,0,0,NA,9438.66,0,0.04088586030664395,5540493.42
76A,Uwharrie Charter Academy,2093,Charter,763.232,0.368,0,0,9,246,38,3,2,1,15,0,83,1,77,25,1,0,0,153,NA,9455,0,0.004300047778308648,19789315
78A,CIS Academy,110,Charter,70.95,0.645,0,1,0,21,0,0,0,0,3,0,5,0,10,3,0,0,0,0,NA,11407.789999999999,0,0,1254856.9
78B,Southeastern Academy,215,Charter,59.98499999999999,0.27899999999999997,0,0,0,22,0,0,0,0,0,0,6,0,10,6,0,0,0,0,NA,9263.210000000001,0,0,1991590.1500000001
78C,Old Main Stream,338,Charter,182.91000000000003,0.546,0,1,0,44,0,5,0,0,0,0,2,0,2,35,0,0,0,0,NA,10771.3,0,0,3640699.4
79A,Bethany Community School,603,Charter,220.286,0.374,0,0,9,81,6,0,2,0,1,0,30,0,42,0,0,0,0,0,NA,9471.960000000001,0,0.014925373134328358,5711591.880000001
79C,Legacy Classical,119,Charter,65.94500000000001,0.545,0,1,0,7,1,0,0,0,1,0,1,0,0,4,0,0,0,0,NA,8998.83,0,0,1070860.77
80C,Faith Academy,773,Charter,391.68,0.51,0,1,0,91,10,2,0,0,3,0,20,0,35,21,0,0,0,0,NA,9918.29,0,0,7666838.170000001
81A,Thomas Jefferson Classical Academy,1389,Charter,516.624,0.376,0,0,19,136,13,5,2,0,2,0,31,0,57,26,0,0,0,0,NA,10067.24,0,0.013678905687544997,13983396.36
81B,Lake Lure Classical Academy,440,Charter,256.176,0.593,0,1,9,83,8,0,1,0,1,0,9,0,32,31,0,1,0,48,NA,13292.82,0,0.020454545454545454,5848840.8
84B,Gray Stone Day School,751,Charter,110.856,0.149,0,0,9,20,5,0,0,0,0,0,6,0,8,1,0,0,0,0,NA,9241.91,0,0.011984021304926764,6940674.41
86T,Millennium Charter Academy,650,Charter,232.76600000000002,0.36200000000000004,0,0,19,103,8,1,0,0,11,0,7,0,48,28,0,0,0,0,NA,10015.99,0,0.02923076923076923,6510393.5
87A,Mountain Discovery Charter School,189,Charter,127.00800000000001,0.672,0,1,0,42,2,8,1,0,2,0,11,0,10,8,0,0,0,0,NA,14231.98,0,0,2689844.2199999997
88A,Brevard Academy,407,Charter,136.822,0.337,0,0,12,71,6,4,1,0,2,0,14,0,14,29,1,0,0,0,NA,12744.72,0,0.029484029484029485,5187101.04
90A,Union Academy Charter School,2173,Charter,495.78499999999997,0.22899999999999998,0,0,38,229,27,6,2,1,7,0,73,3,92,17,0,1,0,0,NA,9387.57,0,0.017487344684767602,20399189.61
90B,Union Day School,645,Charter,140.11400000000003,0.22100000000000003,0,0,22,59,5,2,0,0,1,0,12,0,26,11,0,2,0,0,NA,10163.73,0,0.034108527131782945,6555605.85
90C,Union Preparatory Academy at Indian Trai,1158,Charter,510.779,0.443,0,1,83,118,17,3,2,1,4,1,18,0,49,22,1,0,0,178,NA,10636.46,0,0.07167530224525043,12317020.68
90D,Monroe Charter Academy,154,Charter,102.051,0.667,0,1,9,27,2,4,0,0,1,0,0,0,13,7,0,0,0,0,NA,9311.199999999999,0,0.05844155844155844,1433924.7999999998
90F,Apprentice Academy HS of NC,213,Charter,95.00399999999999,0.46799999999999997,0,1,9,46,4,0,2,0,3,0,17,0,20,0,0,0,0,0,NA,11859.6,0,0.04225352112676056,2526094.8000000003
91A,Vance Charter School,944,Charter,339.701,0.36100000000000004,0,0,11,98,9,3,2,3,5,2,20,2,34,18,0,0,0,0,NA,11003.6,0,0.011652542372881356,10387398.4
91B,Henderson Collegiate,1277,Charter,877.9440000000001,0.6990000000000001,0,1,93,83,7,2,1,0,12,0,13,0,42,6,0,0,0,0,NA,12219.49,0,0.07282693813625685,15604288.73
92B,The Exploris School,440,Charter,113.004,0.258,0,0,9,80,16,3,0,0,0,0,25,0,24,10,1,1,0,0,NA,11262.96,0,0.020454545454545454,4955702.399999999
92D,Magellan Charter,409,Charter,16.36,0.04,0,0,9,40,6,0,0,0,0,0,15,0,14,5,0,0,0,0,NA,11162.279999999999,0,0.022004889975550123,4565372.52
92E,Sterling Montessori Academy,627,Charter,59.803,0.079,0,0,9,76,18,3,2,1,1,0,13,0,24,13,0,1,0,0,NA,11436.75,0,0.014354066985645933,7170842.25
92F,Franklin Academy,1639,Charter,150.328,0.092,0,0,9,78,13,1,0,0,1,0,22,0,11,28,0,2,0,0,NA,9108.619999999999,0,0.005491153142159854,14929028.179999998
92G,East Wake Academy,1231,Charter,242.55,0.198,0,0,25,113,22,3,2,0,6,0,19,0,46,14,1,0,0,48,NA,9528.58,0,0.020308692120227456,11729681.98
92K,Raleigh Charter High School,554,Charter,35.2,0.064,0,0,9,17,2,0,1,0,0,0,9,1,4,0,0,0,0,0,NA,10253.33,0,0.016245487364620937,5680344.82
92M,PreEminent Charter School,690,Charter,598.199,0.881,1,0,98,100,19,10,3,1,9,0,17,0,30,11,0,0,0,0,NA,10033.85,0,0.14202898550724638,6923356.5
92N,Quest Academy,144,Charter,5.76,0.04,0,0,0,16,0,0,0,0,0,0,9,0,4,3,0,0,0,0,NA,9515.630000000001,0,0,1370250.7200000002
92P,Southern Wake Academy,537,Charter,125.188,0.23800000000000002,0,0,12,130,29,0,0,1,5,0,52,0,42,0,1,0,0,56,NA,11150.29,0,0.0223463687150838,5987705.73
92R,Casa Esperanza Montessori,641,Charter,208.971,0.321,0,0,65,62,4,7,0,0,1,0,8,0,25,16,1,0,0,0,NA,12243.02,0,0.10140405616224649,7847775.82
92S,Endeavor Charter,782,Charter,78.67899999999999,0.10099999999999999,0,0,9,84,1,3,0,0,0,0,19,0,34,27,0,0,0,0,NA,10611.439999999999,0,0.011508951406649617,8298146.079999999
92T,Triangle Math and Science Academy,1324,Charter,142.56000000000003,0.10800000000000001,0,0,46,49,10,4,1,0,2,0,10,0,14,7,1,0,0,0,NA,11677.5,0,0.03474320241691843,15461010
92U,Longleaf School of the Arts,408,Charter,64.962,0.162,0,0,9,68,21,0,3,0,0,0,19,0,21,2,0,2,0,0,NA,10892.57,0,0.022058823529411766,4444168.56
92V,Wake Forest Charter Academy,732,Charter,341.76800000000003,0.47600000000000003,0,1,43,92,15,10,1,0,5,0,16,0,24,19,1,1,0,0,NA,9021.29,0,0.05874316939890711,6603584.28
92W,Cardinal Charter,701,Charter,285.65999999999997,0.414,0,1,59,80,12,11,2,0,6,0,11,0,16,21,1,0,0,0,NA,11564.89,0,0.08416547788873038,8106987.89
92Y,Envision Science Academy,741,Charter,108.92800000000001,0.14800000000000002,0,0,9,76,18,1,3,0,2,0,17,0,23,12,0,0,0,0,NA,10588.869999999999,0,0.012145748987854251,7846352.669999999
93A,Haliwa-Saponi Tribal School,142,Charter,117.97500000000001,0.8250000000000001,1,0,0,25,1,0,1,1,5,0,6,0,9,2,0,0,0,0,NA,12928.439999999999,0,0,1835838.4799999997
93J,RISE Southeast Raleigh Charter School,470,Charter,328.068,0.701,0,1,38,62,6,5,4,0,2,1,10,0,27,7,0,0,0,0,NA,17982.92,0,0.08085106382978724,8451972.399999999
93L,Central Wake Charter High School,263,Charter,173.97800000000004,0.6020000000000001,0,1,26,53,0,0,4,0,1,0,18,0,30,0,0,0,0,0,NA,12591.24,0,0.09885931558935361,3311496.12
93M,Peak Charter Academy,769,Charter,152.63299999999998,0.19899999999999998,0,0,66,78,16,12,1,0,2,1,10,0,14,22,0,0,0,0,NA,8243.27,0,0.0858257477243173,6339074.63
93N,Pine Springs Preparatory Academy,1260,Charter,109.27199999999999,0.087,0,0,9,73,8,5,1,1,1,0,6,0,38,13,0,0,0,0,NA,10412.460000000001,0,0.007142857142857143,13119699.600000001
93P,Rolesville Charter Academy,738,Charter,399.79900000000004,0.541,0,1,41,91,12,3,3,1,4,0,16,0,33,19,0,0,0,0,NA,9784.73,0,0.05555555555555555,7221130.739999999
93Q,Carolina Charter Academy: CFA,799,Charter,213.99399999999997,0.27399999999999997,0,0,27,50,2,4,3,1,2,0,8,0,20,9,1,0,0,0,NA,8453.65,0,0.03379224030037547,6754466.35
93R,Raleigh Oak Charter School,269,Charter,72.988,0.284,0,0,9,53,20,1,2,0,0,0,8,0,19,2,0,1,0,0,NA,13609.74,0,0.03345724907063197,3661020.06
93T,Cardinal Charter Academy at Wendell Falls,588,Charter,318.09499999999997,0.563,0,1,9,61,13,10,1,0,6,0,8,0,13,10,0,0,0,0,NA,11694.95,0,0.015306122448979591,6876630.600000001
93V,Doral Academy North Carolina,452,Charter,127.14300000000001,0.277,0,0,0,49,9,6,0,0,0,0,10,0,10,14,0,0,0,0,NA,8945.75,0,0,4043479
93Y,The Math and Science Academy (TMSA) Apex,683,Charter,37.967999999999996,0.055999999999999994,0,0,0,28,7,5,0,0,0,0,2,0,3,11,0,0,0,0,NA,9764.599999999999,0,0,6669221.799999999
94A,Pocosin Innovative Charter,258,Charter,103.068,0.409,0,1,9,21,1,5,0,0,1,0,1,0,9,4,0,0,0,0,NA,14040.720000000001,0,0.03488372093023256,3622505.7600000002
95A,Two Rivers Community School,161,Charter,62.964000000000006,0.396,0,0,0,24,1,1,1,0,0,0,3,0,12,6,0,0,0,0,NA,10597.74,0,0,1706236.14
96C,Dillard Academy,245,Charter,211.106,0.887,1,0,0,15,0,0,1,1,0,0,3,0,3,7,0,0,0,0,NA,9531.29,0,0,2335166.0500000003
96F,Wayne Preparatory,901,Charter,476.87500000000006,0.545,0,1,9,172,23,9,2,3,8,1,37,0,63,24,1,1,0,0,NA,9909.81,0,0.009988901220865706,8928738.809999999
96G,Wayne STEM Preparatory,172,Charter,109.998,0.679,0,1,0,15,1,7,0,0,0,0,4,0,1,2,0,0,0,0,NA,10795.15,0,0,1856765.8
98A,Sallie B Howard School,1204,Charter,749.844,0.636,0,1,186,94,14,7,2,0,26,0,15,1,24,5,0,0,0,0,NA,11361.52,0,0.15448504983388706,13679270.08
98B,Wilson Preparatory Academy,722,Charter,463.84200000000004,0.657,0,1,10,74,7,3,1,1,8,0,15,0,30,9,0,0,0,0,NA,9737.8,0,0.013850415512465374,7030691.6
34Z,Appalachian State U Academy Middle Fork,278,Charter,192.09599999999998,0.696,0,1,79,56,5,11,0,0,1,0,5,1,12,21,0,0,0,0,NA,13680.8,0,0.2841726618705036,3803262.4
41Z,Aggie Academy,81,Charter,43.983000000000004,0.543,0,1,0,9,0,0,0,0,0,0,1,0,3,5,0,0,0,0,NA,25243.91,0,0,2044756.71
50Z,Catamount School,57,Charter,33.003,0.579,0,1,0,13,4,0,1,0,1,0,3,0,4,0,0,0,0,0,NA,18943.510000000002,0,0,1079780.07
60Z,Niner University Elementary School,130,Charter,112.06000000000002,0.8620000000000001,1,0,9,33,6,4,0,0,4,0,2,1,10,6,0,0,0,0,NA,19431.379999999997,0,0.06923076923076923,2526079.3999999994
65Z,D.C. Virgo Preparatory Academy,188,Charter,165.96,0.922,1,0,9,48,3,3,0,1,1,0,15,0,16,8,0,1,0,0,NA,15794.58,0,0.047872340425531915,2969381.04
73Z,Carolina Community Academy,67,Charter,65.03,0.929,1,0,0,7,1,4,0,0,0,0,0,0,0,2,0,0,0,0,NA,21753.96,0,0,1457515.3199999998
74Z,East Carolina Community School,116,Charter,103.96000000000001,0.904,1,0,9,27,2,1,0,0,4,0,1,0,14,5,0,0,0,0,NA,14845.439999999999,0,0.07758620689655173,1722071.0399999998
86Z,Appalachian State Univ Academy at Elkin,73,Charter,45.99,0.657,0,1,0,17,1,2,0,0,1,0,1,0,2,10,0,0,0,0,NA,20873.9,0,0,1523794.7000000002
94Z,Northeast Regional School - Biotech/Agri,122,Charter,56.022999999999996,0.46299999999999997,0,1,9,6,0,0,0,0,0,0,1,0,5,0,0,0,0,0,NA,15400.3,0,0.07377049180327869,1878836.5999999999
